lounge_code,lat,lng,total_guest_count_infant,total_guest_count_child,total_guest_count_adult,total_guest_count
AUH12,24.4331,54.6511,0,0,151,151
BCN11,41.2969,2.0783,0,0,63,63
BOG9,4.7017,-74.1469,0,0,160,160
DTW5,42.2125,-83.3533,0,0,14,14
MAN2,53.3536,-2.275,0,0,39,39
MSY1,29.9933,-90.2581,0,0,76,76
ZRH1,47.4647,8.5492,0,0,53,53
LIM5,-12.0219,-77.1144,0,0,407,407
EMA2,52.8311,-1.3281,0,0,29,29
MAD2,40.4936,-3.5667,0,0,156,156
BGY2,45.6689,9.7003,0,0,89,89
MFM2,22.1494,113.5917,0,0,34,34
OSL1D,60.1939,11.1003,0,0,15,15
KIX7D,34.4272,135.2442,0,0,8,8
HAM,53.6303,9.9883,0,0,156,156
BCN10,41.2969,2.0783,0,0,12,12
FCO2,41.8003,12.2389,0,0,99,99
HND10,35.5522,139.7797,0,0,160,160
DMK,13.9125,100.6067,0,0,13,13
TIA2,41.4147,19.7206,0,0,16,16
LIS6,38.7742,-9.1342,0,0,178,178
MILM,45.63,8.7231,0,0,61,61
LGW20,51.1481,-0.1903,0,0,44,44
CAN3,23.3925,113.2989,0,0,2,2
PVG,31.1433,121.8053,0,0,53,53
MCO3,28.4294,-81.3089,0,0,55,55
JAX1,30.4942,-81.6878,0,0,64,64
MAD6,40.4936,-3.5667,0,0,68,68
MEX15,19.4364,-99.0722,0,0,44,44
NGO11D,34.8583,136.8053,0,0,0,0
FRA8,50.0331,8.5706,0,0,18,18
ATL15D,33.6367,-84.4281,0,0,25,25
NLU,19.755,-99.0169,0,0,30,30
KIN,17.9356,-76.7875,0,0,23,23
SJU5,18.4394,-66.0019,0,0,22,22
YYC3,51.1139,-114.0203,0,0,24,24
AMS,52.3081,4.7642,0,0,122,122
KUL21,2.7456,101.7147,0,0,39,39
PIT4,40.4914,-80.2328,0,0,98,98
ZAG,45.7431,16.0689,0,0,14,14
CLT4,35.2139,-80.9431,0,0,0,0
MUNE,48.3539,11.7861,0,0,21,21
IST9,41.2703,28.7425,0,0,399,399
MCO1,28.4294,-81.3089,0,0,192,192
GLA2,55.8719,-4.4333,0,0,23,23
ZRH4,47.4647,8.5492,0,0,91,91
MAA10,12.9944,80.1806,0,0,27,27
DXB8,25.2528,55.3644,0,0,44,44
MXP2,45.63,8.7231,0,0,84,84
BOS10,42.3644,-71.0053,0,0,75,75
HKT2,8.1119,98.305,0,0,4,4
DXB,25.2528,55.3644,0,0,37,37
GYD,40.4675,50.0467,0,0,14,14
VTZ,,,0,0,26,26
GDL3,20.5217,-103.3111,0,0,442,442
BOM10,19.0886,72.8681,0,0,99,99
KIX11,34.4272,135.2442,0,0,34,34
LAS3,36.08,-115.1522,0,0,65,65
LGA8,40.7772,-73.8725,0,0,88,88
SLP2,22.2542,-100.9308,0,0,9,9
WMI1,52.4511,20.6517,0,0,14,14
LGW15,51.1481,-0.1903,0,0,172,172
SJC,37.3625,-121.9289,0,0,112,112
YYC6,51.1139,-114.0203,0,0,11,11
BOG7,4.7017,-74.1469,0,0,23,23
SIN12,1.3592,103.9894,0,0,114,114
COP1,55.6203,12.65,0,0,268,268
OPO,41.2356,-8.6781,0,0,38,38
MAD3,40.4936,-3.5667,0,0,95,95
BLL,55.7403,9.1517,0,0,183,183
JAI,26.8242,75.8122,0,0,26,26
IAH8D,29.9844,-95.3414,0,0,19,19
LHR14,51.4775,-0.4614,0,0,233,233
MDE3,6.1644,-75.4231,0,0,16,16
MCO2,28.4294,-81.3089,0,0,251,251
BGY,45.6689,9.7003,0,0,34,34
MAA6,12.9944,80.1806,0,0,19,19
LIM9D,-12.0219,-77.1144,0,0,63,63
PDX5D,45.5886,-122.5975,0,0,74,74
DEL14,28.5664,77.1031,0,0,40,40
LTN5,51.8747,-0.3683,0,0,46,46
ICN2,37.4692,126.4506,0,0,45,45
BDA1,32.3642,-64.6786,0,0,14,14
CLE4D,41.4117,-81.8497,0,0,27,27
VIE2,48.1103,16.5781,0,0,79,79
AGP,36.675,-4.4992,0,0,137,137
LHR11,51.4775,-0.4614,0,0,101,101
AMD4,23.0772,72.6347,0,0,54,54
TRS,45.8275,13.4722,0,0,4,4
BLR9,13.1989,77.7056,0,0,36,36
BOG11,4.7017,-74.1469,0,0,50,50
CAN8,23.3925,113.2989,0,0,42,42
NICE2,43.6653,7.215,0,0,74,74
DMK1,13.9125,100.6067,0,0,45,45
FRA4,50.0331,8.5706,0,0,19,19
GIG2,-22.8125,-43.2483,0,0,39,39
SIN0,1.3592,103.9894,0,0,49,49
HKG13,22.3089,113.9147,0,0,140,140
GVA1,46.2381,6.1089,0,0,14,14
CPH1,55.6203,12.65,0,0,55,55
BEY,33.8208,35.4883,0,0,13,13
YEG3,53.3072,-113.5858,0,0,9,9
MIA15,25.7933,-80.2906,0,0,134,134
SJU4,18.4394,-66.0019,0,0,32,32
ATL10,33.6367,-84.4281,0,0,143,143
SEA7,47.4489,-122.3094,0,0,138,138
WAW3,52.1658,20.9672,0,0,82,82
LAS4,36.08,-115.1522,0,0,141,141
LGW18,51.1481,-0.1903,0,0,18,18
ZUR,47.4647,8.5492,0,0,13,13
CCU6,22.6547,88.4467,0,0,6,6
BCN9,41.2969,2.0783,0,0,76,76
MADC,40.4936,-3.5667,0,0,75,75
GVA,46.2381,6.1089,0,0,63,63
CCU7,22.6547,88.4467,0,0,13,13
VCE,45.5053,12.3519,0,0,90,90
SIN20,1.3592,103.9894,0,0,105,105
BUD3,47.4369,19.2556,0,0,6,6
COL,7.1803,79.8853,0,0,38,38
BKK17,13.6858,100.7489,0,0,23,23
DEL15,28.5664,77.1031,0,0,110,110
SJC1,37.3625,-121.9289,0,0,19,19
BNA3D,36.1244,-86.6783,0,0,24,24
FRA3,50.0331,8.5706,0,0,58,58
FCO3,41.8003,12.2389,0,0,95,95
PVG7,31.1433,121.8053,0,0,13,13
SZX6,22.6392,113.8106,0,0,16,16
TPE9,25.0778,121.2328,0,0,169,169
BER4D,52.3667,13.5033,0,0,110,110
DUB1,53.4214,-6.27,0,0,42,42
BHD1,54.6181,-5.8725,0,0,23,23
BOS19,42.3644,-71.0053,0,0,130,130
HEL7,60.3172,24.9633,0,0,59,59
SEA11D,,,0,0,83,83
MIA14,25.7933,-80.2906,0,0,158,158
GVA3,46.2381,6.1089,0,0,9,9
XMN,24.5442,118.1278,0,0,7,7
PTY5,9.0714,-79.3833,0,0,113,113
DFW14,32.8969,-97.0381,0,0,23,23
FCO5,41.8003,12.2389,0,0,88,88
YYZ5,43.6772,-79.6306,0,0,22,22
LPB3,-16.5133,-68.1922,0,0,8,8
FCO6,41.8003,12.2389,0,0,25,25
HKG10,22.3089,113.9147,0,0,40,40
HKG5,22.3089,113.9147,0,0,69,69
YOW2,45.3225,-75.6692,0,0,2,2
YYZ2,43.6772,-79.6306,0,0,13,13
ICN3,37.4692,126.4506,0,0,46,46
BRU1,50.9014,4.4844,0,0,58,58
TRI,10.5953,-61.3372,0,0,13,13
DEN9D,39.8617,-104.6731,0,0,6,6
BUD,47.4369,19.2556,0,0,16,16
IDR,22.7217,75.8011,0,0,13,13
NQZ1,51.0231,71.4669,0,0,3,3
KUL7,2.7456,101.7147,0,0,29,29
LHR30,51.4775,-0.4614,0,0,72,72
TPE6,25.0778,121.2328,0,0,68,68
DLC,38.9656,121.5386,0,0,0,0
SIN8,1.3592,103.9894,0,0,45,45
MEX12,19.4364,-99.0722,0,0,53,53
HYD5,17.2311,78.4311,0,0,60,60
YYZ6,43.6772,-79.6306,0,0,13,13
MSP4,44.8819,-93.2217,0,0,57,57
BRI,41.1381,16.765,0,0,8,8
COP2,55.6203,12.65,0,0,50,50
BKK5,13.6858,100.7489,0,0,37,37
SIN13,1.3592,103.9894,0,0,152,152
MTY9,25.7786,-100.1069,0,0,61,61
PUJ2,18.5675,-68.3633,0,0,12,12
LJU,46.2236,14.4575,0,0,7,7
JFK22,40.6397,-73.7789,0,0,28,28
MAA12,12.9944,80.1806,0,0,21,21
IAD6,38.9444,-77.4558,0,0,19,19
VVI3,-17.6447,-63.1353,0,0,6,6
CGN2,50.8658,7.1428,0,0,51,51
SHA5,31.1433,121.8053,0,0,50,50
LGW17,51.1481,-0.1903,0,0,116,116
SIN21,1.3592,103.9894,0,0,25,25
CUL2,24.7644,-107.4747,0,0,16,16
MAN3,53.3536,-2.275,0,0,46,46
STL3,38.7486,-90.37,0,0,46,46
BOM15,19.0886,72.8681,0,0,35,35
SAL1,13.4408,-89.0558,0,0,38,38
PER4D,-31.9403,115.9669,0,0,1,1
MNL1,14.5086,121.0194,0,0,39,39
ATH2,37.9364,23.9444,0,0,41,41
VIE7,48.1103,16.5781,0,0,73,73
DUB,53.4214,-6.27,0,0,40,40
AMS2,52.3081,4.7642,0,0,142,142
ASU1,-25.2397,-57.5192,0,0,36,36
BWI4,39.1753,-76.6683,0,0,74,74
MAN6,53.3536,-2.275,0,0,74,74
KUL5,2.7456,101.7147,0,0,16,16
CJA,-7.1392,-78.4894,0,0,2,2
WRO,51.1028,16.8858,0,0,37,37
PNQ2,18.5822,73.9197,0,0,9,9
BSL,47.6008,7.5217,0,0,18,18
VGO,42.2317,-8.6267,0,0,4,4
PVG8,31.1433,121.8053,0,0,24,24
PIU,-5.2058,-80.6164,0,0,6,6
YYZ4,43.6772,-79.6306,0,0,9,9
HKT7,8.1119,98.305,0,0,25,25
KTW2,50.4742,19.08,0,0,22,22
ABZ,57.2042,-2.2003,0,0,4,4
BKK2,13.6858,100.7489,0,0,25,25
RIX3,56.9236,23.9711,0,0,21,21
PHL9,39.8719,-75.2411,0,0,0,0
HKT4,8.1119,98.305,0,0,79,79
NRT15D,35.7647,140.3864,0,0,0,0
MUC3,48.3539,11.7861,0,0,10,10
IAD17,38.9444,-77.4558,0,0,24,24
WUH4,30.7839,114.2081,0,0,1,1
GBE1,-24.5553,25.9183,0,0,3,3
ATL14S,33.6367,-84.4281,0,0,1,1
SJO1,9.9939,-84.2089,0,0,25,25
BKK8,13.6858,100.7489,0,0,21,21
DFW9,32.8969,-97.0381,0,0,0,0
MIA10D,25.7933,-80.2906,0,0,69,69
NLU1,19.755,-99.0169,0,0,19,19
HEL5,60.3172,24.9633,0,0,276,276
BKK9,13.6858,100.7489,0,0,57,57
BNA1,36.1244,-86.6783,0,0,0,0
SAN10,32.7336,-117.1897,0,0,62,62
LUX,49.6233,6.2044,0,0,38,38
MILL,45.4494,9.2783,0,0,99,99
SFO12D,37.6189,-122.3917,0,0,55,55
BLR8,13.1989,77.7056,0,0,117,117
JFK10,40.6397,-73.7789,0,0,23,23
PUJ1,18.5675,-68.3633,0,0,22,22
BKK20,13.6858,100.7489,0,0,38,38
KIX12,34.4272,135.2442,0,0,2,2
INV,57.54,-4.05,0,0,0,0
SDU4,-22.9106,-43.1631,0,0,12,12
BUF1,42.9406,-78.7322,0,0,61,61
GVAJET,46.2381,6.1089,0,0,36,36
IAH6,29.9844,-95.3414,0,0,40,40
EDI3,55.95,-3.3725,0,0,45,45
KRK,50.0778,19.7847,0,0,42,42
BKK19,13.6858,100.7489,0,0,36,36
BKK6,13.6858,100.7489,0,0,71,71
BKK10,13.6858,100.7489,0,0,70,70
STO4,59.6519,17.9186,0,0,69,69
MNL9,14.5086,121.0194,0,0,23,23
KTW3,50.4742,19.08,0,0,7,7
YVR7,49.1939,-123.1844,0,0,6,6
LPA,27.9319,-15.3867,0,0,59,59
CAG,39.2511,9.0575,0,0,8,8
DEL12,28.5664,77.1031,0,0,24,24
CLE5,41.4117,-81.8497,0,0,51,51
STN5,51.885,0.235,0,0,93,93
DAD,16.0439,108.1994,0,0,35,35
YVR9,49.1939,-123.1844,0,0,21,21
TNG1,35.7269,-5.9169,0,0,9,9
CGP,22.2497,91.8133,0,0,1,1
CCU8,22.6547,88.4467,0,0,56,56
MEX16,19.4364,-99.0722,0,0,19,19
CLT5,35.2139,-80.9431,0,0,113,113
CNF1,-19.6339,-43.9689,0,0,87,87
FRA5,50.0331,8.5706,0,0,39,39
AGU,21.7056,-102.3178,0,0,35,35
SAW1,40.8986,29.3092,0,0,15,15
ATL18,33.6367,-84.4281,0,0,0,0
LHR24D,51.4775,-0.4614,0,0,3,3
GRU26,-23.4319,-46.4694,0,0,124,124
CJB1D,11.03,77.0433,0,0,5,5
NICE3,43.6653,7.215,0,0,37,37
NGO9S,34.8583,136.8053,0,0,0,0
BJS1,40.08,116.5844,0,0,10,10
SIN17,1.3592,103.9894,0,0,69,69
GUA2,14.5844,-90.5272,0,0,64,64
LOH,-3.9958,-79.3717,0,0,5,5
BOS13D,42.3644,-71.0053,0,0,12,12
BOS18D,42.3644,-71.0053,0,0,8,8
SOF3,42.6953,23.4061,0,0,24,24
SGN2,10.8189,106.6519,0,0,95,95
IGU,-25.5961,-54.4872,0,0,47,47
SHA8,31.1978,121.3364,0,0,11,11
BEG1,44.8183,20.3092,0,0,13,13
ATH7,37.9364,23.9444,0,0,30,30
DXB5,25.2528,55.3644,0,0,40,40
GAU3,26.1061,91.5858,0,0,5,5
CUN4,21.0367,-86.8772,0,0,63,63
TPA3D,27.9756,-82.5333,0,0,4,4
DMM2,26.4711,49.7978,0,0,11,11
DUR,-29.6144,31.1164,0,0,4,4
GDN,54.3775,18.4661,0,0,17,17
HEL8,60.3172,24.9633,0,0,110,110
STN6D,51.885,0.235,0,0,7,7
NCL,55.0375,-1.6917,0,0,45,45
SCL6,-33.3931,-70.7858,0,0,8,8
IXR1D,23.3142,85.3217,0,0,3,3
DOH2,25.2744,51.6083,0,0,276,276
PNH,11.5467,104.8442,0,0,21,21
NBO3,-1.3192,36.9278,0,0,21,21
FCO4,41.8003,12.2389,0,0,59,59
BOM1,19.0886,72.8681,0,0,54,54
PLM,-2.8983,104.7,0,0,3,3
KUL20,2.7456,101.7147,0,0,24,24
MLA,35.8575,14.4775,0,0,38,38
TPE8,25.0778,121.2328,0,0,64,64
VNO1,54.6342,25.2858,0,0,16,16
JFK21,40.6397,-73.7789,0,0,37,37
MTT,18.1033,-94.5806,0,0,2,2
TFS,28.0444,-16.5725,0,0,75,75
DMK6,13.9125,100.6067,0,0,27,27
CHS,32.8986,-80.0406,0,0,78,78
LGW26D,51.1481,-0.1903,0,0,5,5
BLQ1,44.5308,11.2969,0,0,36,36
DXB6,25.2528,55.3644,0,0,46,46
IAH10,29.9844,-95.3414,0,0,0,0
JFK13,40.6397,-73.7789,0,0,19,19
AYT4,36.8986,30.8006,0,0,30,30
HKG15D,22.3089,113.9147,0,0,5,5
PPS,9.7422,118.7586,0,0,12,12
DUS1,51.2894,6.7667,0,0,88,88
WAW4,52.1658,20.9672,0,0,25,25
HAN3,21.2211,105.8072,0,0,93,93
BKK24,13.6858,100.7489,0,0,23,23
BRU2,50.9014,4.4844,0,0,28,28
JFK20,40.6397,-73.7789,0,0,120,120
BCN8,41.2969,2.0783,0,0,148,148
LGW16,51.1481,-0.1903,0,0,36,36
YEG2,53.3072,-113.5858,0,0,0,0
BOM13,19.0886,72.8681,0,0,56,56
BAQ3,10.8897,-74.7808,0,0,13,13
SIN16,1.3592,103.9894,0,0,62,62
KUL28,2.7456,101.7147,0,0,42,42
POZ1,52.4211,16.8264,0,0,9,9
SLC1,40.7883,-111.9778,0,0,0,0
SIN36S,1.3592,103.9894,0,0,5,5
ACE,28.9456,-13.6053,0,0,25,25
DEN10D,39.8617,-104.6731,0,0,72,72
ARN2,59.6519,17.9186,0,0,29,29
IAD11,38.9444,-77.4558,0,0,46,46
SAP2,15.4528,-87.9236,0,0,27,27
GRU27,-23.4319,-46.4694,0,0,79,79
GRU22D,-23.4319,-46.4694,0,0,10,10
IOM1,54.0833,-4.6242,0,0,5,5
ZRH6,47.4647,8.5492,0,0,57,57
AQP1,-16.3406,-71.5722,0,0,6,6
REX,26.0089,-98.2286,0,0,10,10
BUD8,47.4369,19.2556,0,0,41,41
GRU30,-23.4319,-46.4694,0,0,177,177
MEX13,19.4364,-99.0722,0,0,63,63
SGN5,10.8189,106.6519,0,0,97,97
JFK26,40.6397,-73.7789,0,0,86,86
JAI1,,,0,0,74,74
DPS9,-8.7481,115.1672,0,0,107,107
EDI,55.95,-3.3725,0,0,27,27
COK3,10.1519,76.4019,0,0,9,9
AMD7,23.0772,72.6347,0,0,10,10
UIO,-0.1239,-78.3558,0,0,35,35
BHO,23.2875,77.3375,0,0,1,1
TRV2,8.4822,76.92,0,0,5,5
JFK11D,40.6397,-73.7789,0,0,33,33
GYE,-2.1575,-79.8836,0,0,6,6
LHR16,51.4775,-0.4614,0,0,125,125
BDQ1,22.3361,73.2264,0,0,21,21
CNX4,18.7714,98.9628,0,0,44,44
TAM,22.2964,-97.8658,0,0,5,5
IXC6,30.6733,76.7886,0,0,14,14
ZUH,22.0067,113.3761,0,0,3,3
MEL11L,-37.6733,144.8433,0,0,21,21
DPS10D,-8.7481,115.1672,0,0,9,9
TRV3,8.4822,76.92,0,0,11,11
CMN4,33.3675,-7.59,0,0,17,17
COK2,10.1519,76.4019,0,0,7,7
PER2,-31.9403,115.9669,0,0,33,33
STI1,19.4061,-70.6047,0,0,13,13
CWB4,-25.5286,-49.1758,0,0,95,95
ORD10,41.9786,-87.9047,0,0,15,15
ATQ,31.7097,74.7972,0,0,6,6
MEX11,19.4364,-99.0722,0,0,54,54
CVG2,39.0489,-84.6678,0,0,48,48
RMF,25.5572,34.5836,0,0,36,36
JNB7,-26.1392,28.2461,0,0,12,12
DFW7,32.8969,-97.0381,0,0,98,98
LGW13D,51.1481,-0.1903,0,0,13,13
VER,19.1458,-96.1872,0,0,18,18
FLR,43.8086,11.2028,0,0,46,46
BIO2,43.3011,-2.9106,0,0,15,15
CGK16,-6.1256,106.6558,0,0,18,18
TLS,43.635,1.3678,0,0,13,13
YVR10,49.1939,-123.1844,0,0,27,27
SCQ,42.8964,-8.4153,0,0,3,3
NAS2,25.0389,-77.4661,0,0,9,9
CJC,-22.4981,-68.9081,0,0,6,6
JFK15S,40.6397,-73.7789,0,0,11,11
SFO16D,37.6189,-122.3917,0,0,79,79
HKT,8.1119,98.305,0,0,24,24
MEX22,19.4364,-99.0722,0,0,84,84
EDI2,55.95,-3.3725,0,0,48,48
PMI1,39.5517,2.7389,0,0,29,29
PMI4,39.5517,2.7389,0,0,58,58
SEA12D,47.4489,-122.3094,0,0,63,63
TRU,-8.0847,-79.1094,0,0,8,8
DFW13S,32.8969,-97.0381,0,0,0,0
SKG3,40.5197,22.9708,0,0,3,3
SEA6,47.4489,-122.3094,0,0,85,85
PDX6D,45.5886,-122.5975,0,0,57,57
HKT5,8.1119,98.305,0,0,49,49
LHR25,51.4775,-0.4614,0,0,75,75
NRT12,35.7647,140.3864,0,0,84,84
MAD5,40.4936,-3.5667,0,0,29,29
HKG16D,22.3089,113.9147,0,0,3,3
BKK18,13.6858,100.7489,0,0,11,11
PEN,5.2972,100.2767,0,0,11,11
PSA,43.6828,10.3956,0,0,27,27
BKO1,12.5336,-7.95,0,0,0,0
CUN7,21.0367,-86.8772,0,0,40,40
TIJ2,32.5411,-116.9703,0,0,182,182
DUS5,51.2894,6.7667,0,0,39,39
DCA7D,38.8522,-77.0378,0,0,29,29
WDH2,-22.48,17.4708,0,0,12,12
SIN9,1.3592,103.9894,0,0,112,112
PRG10,50.1008,14.26,0,0,81,81
CNX,18.7714,98.9628,0,0,17,17
EZE3,-34.8222,-58.5358,0,0,72,72
CGH,-23.6267,-46.6581,0,0,153,153
CWB6,-25.5286,-49.1758,0,0,14,14
BWI5,39.1753,-76.6683,0,0,0,0
NAP2,40.8844,14.2908,0,0,107,107
RAK3,31.6069,-8.0364,0,0,30,30
KTM,27.6967,85.3592,0,0,35,35
PVG14,31.1433,121.8053,0,0,12,12
VVI1,-17.6447,-63.1353,0,0,13,13
PLZ,-33.985,25.6172,0,0,8,8
VVI2,-17.6447,-63.1353,0,0,11,11
SXR1,33.9872,74.7742,0,0,16,16
LIM10,-12.0219,-77.1144,0,0,87,87
KUL27,2.7456,101.7147,0,0,41,41
BKK7,13.6858,100.7489,0,0,40,40
NAG5,21.0922,79.0472,0,0,10,10
ICN14,37.4692,126.4506,0,0,39,39
BOS17D,42.3644,-71.0053,0,0,15,15
LPL1,53.3336,-2.8497,0,0,28,28
GOX,15.7314,73.8678,0,0,14,14
RUH9,24.9578,46.6989,0,0,25,25
NRT14D,35.7647,140.3864,0,0,0,0
BUD10,47.4369,19.2556,0,0,15,15
CUZ2,-13.5358,-71.9389,0,0,32,32
MEX21,19.4364,-99.0722,0,0,47,47
IAD8,38.9444,-77.4558,0,0,0,0
INN,47.2603,11.3439,0,0,28,28
DXB4,25.2528,55.3644,0,0,76,76
ALC,38.2822,-0.5581,0,0,62,62
TFN,28.4828,-16.3417,0,0,8,8
MEX14,19.4364,-99.0722,0,0,65,65
SEA17D,,,0,0,83,83
DFWG10,32.8969,-97.0381,0,0,4,4
LAX21G,33.9425,-118.4081,0,0,23,23
AAL,57.0928,9.8492,0,0,30,30
CJS1,31.6361,-106.4286,0,0,19,19
BMA,59.3544,17.9417,0,0,3,3
SCL8,-33.3931,-70.7858,0,0,31,31
YWG2,49.91,-97.24,0,0,5,5
ORY1,48.7233,2.3794,0,0,26,26
HKG4,22.3089,113.9147,0,0,17,17
MAN4,53.3536,-2.275,0,0,20,20
FLL3D,26.0725,-80.1528,0,0,29,29
EIN,51.45,5.3744,0,0,32,32
ICN9,37.4692,126.4506,0,0,39,39
HDY,6.9328,100.395,0,0,3,3
BKI2,5.9372,116.0531,0,0,4,4
BOS8,42.3644,-71.0053,0,0,42,42
ECN,35.1597,33.4883,0,0,2,2
AEP2,-34.5589,-58.4164,0,0,33,33
HRE,-17.9319,31.0928,0,0,12,12
BJX,20.9933,-101.4808,0,0,40,40
GOA,44.4133,8.8375,0,0,1,1
HYD4,17.2311,78.4311,0,0,17,17
TPE10D,25.0778,121.2328,0,0,1,1
INC2,38.4933,106.0119,0,0,1,1
BKK3,13.6858,100.7489,0,0,23,23
MUC2,48.3539,11.7861,0,0,80,80
YYZ1,43.6772,-79.6306,0,0,16,16
DMK4,13.9125,100.6067,0,0,27,27
SZG,47.7933,13.0044,0,0,14,14
USM,9.5503,100.0622,0,0,7,7
IAD9D,38.9444,-77.4558,0,0,14,14
MNL4,14.5086,121.0194,0,0,50,50
LGW14,51.1481,-0.1903,0,0,58,58
SEZ,-4.6744,55.5219,0,0,0,0
BOG12,4.7017,-74.1469,0,0,0,0
MDE2,6.1644,-75.4231,0,0,21,21
VLC,39.4894,-0.4817,0,0,51,51
NBO2,-1.3192,36.9278,0,0,2,2
GRU24,-23.4319,-46.4694,0,0,46,46
DUS7D,51.2894,6.7667,0,0,1,1
DEL18,28.5664,77.1031,0,0,45,45
GOT1,57.6628,12.2797,0,0,50,50
JNB,-26.1392,28.2461,0,0,9,9
FUE,28.4528,-13.8639,0,0,15,15
PKX,39.51,116.4108,0,0,13,13
XIY1,34.4478,108.7536,0,0,1,1
DFW8,32.8969,-97.0381,0,0,0,0
ABV5,9.0067,7.2631,0,0,8,8
PTY4,9.0714,-79.3833,0,0,43,43
TRN,45.2025,7.6494,0,0,19,19
MTY3,25.7786,-100.1069,0,0,8,8
DTW8,42.2125,-83.3533,0,0,0,0
NRT13,35.7647,140.3864,0,0,54,54
SIN38D,,,0,0,9,9
GOI2D,15.3808,73.8314,0,0,13,13
BOM19D,19.0886,72.8681,0,0,0,0
ARN4,59.6519,17.9186,0,0,13,13
BLR12,13.1989,77.7056,0,0,1,1
BKK14,13.6858,100.7489,0,0,14,14
AUA1,12.5014,-70.0153,0,0,21,21
JER1,49.2078,-2.1953,0,0,6,6
GYE2,-2.1575,-79.8836,0,0,24,24
BKK25,13.6858,100.7489,0,0,15,15
SJJ3,43.8247,18.3314,0,0,3,3
KIX10,34.4272,135.2442,0,0,13,13
CAN25,23.3925,113.2989,0,0,6,6
DED1,30.1897,78.1803,0,0,16,16
ATL13,33.6367,-84.4281,0,0,1,1
IST11,41.2703,28.7425,0,0,27,27
ACC1,5.6053,-0.1667,0,0,5,5
EJA,7.0244,-73.8067,0,0,0,0
EVN,40.1472,44.3958,0,0,19,19
DXB10,25.2528,55.3644,0,0,25,25
SKP,41.9617,21.6214,0,0,14,14
ALA,43.3533,77.0422,0,0,9,9
SAW3,40.8986,29.3092,0,0,62,62
CCS3,10.6031,-66.9906,0,0,4,4
TLC,19.3369,-99.5661,0,0,8,8
NICE1,43.6653,7.215,0,0,9,9
VNS1D,25.4522,82.8594,0,0,7,7
LPB2,-16.5133,-68.1922,0,0,6,6
MDE1,6.1644,-75.4231,0,0,40,40
CIX,-6.7875,-79.8281,0,0,2,2
LHR27D,51.4775,-0.4614,0,0,2,2
MID1,20.9369,-89.6578,0,0,28,28
BWI20D,39.1753,-76.6683,0,0,18,18
ORK2,51.8414,-8.4911,0,0,14,14
CLT3,35.2139,-80.9431,0,0,0,0
BSB1,-15.8711,-47.9186,0,0,27,27
ABV1,9.0067,7.2631,0,0,1,1
DMK5,13.9125,100.6067,0,0,0,0
KUL11,2.7456,101.7147,0,0,2,2
PUS4,35.1764,128.9422,0,0,32,32
DXB11,25.2528,55.3644,0,0,37,37
ENT,0.0425,32.4436,0,0,3,3
SDQ3,18.4297,-69.6689,0,0,67,67
CCU9,22.6547,88.4467,0,0,13,13
LHR31,51.4775,-0.4614,0,0,23,23
OCC,-0.4628,-76.9869,0,0,0,0
YTZ,43.6275,-79.3961,0,0,1,1
YYZ3,43.6772,-79.6306,0,0,18,18
MAO1,-3.0386,-60.0497,0,0,20,20
RTM1,51.9531,4.4306,0,0,11,11
HRG1,27.1783,33.8011,0,0,16,16
CGK15,-6.1256,106.6558,0,0,24,24
BNE1,-27.3842,153.1175,0,0,3,3
BAQ2,10.8897,-74.7808,0,0,3,3
LKO,26.7606,80.8894,0,0,15,15
SFO13D,37.6189,-122.3917,0,0,48,48
DMK8,13.9125,100.6067,0,0,12,12
DAR,-6.8781,39.2025,0,0,5,5
CPT1,-33.9647,18.6017,0,0,26,26
EZE6,-34.8222,-58.5358,0,0,33,33
CMN2,33.3675,-7.59,0,0,16,16
YVR11,49.1939,-123.1844,0,0,11,11
SIN33D,1.3592,103.9894,0,0,10,10
SJO,9.9939,-84.2089,0,0,17,17
CGQ5,43.9961,125.6853,0,0,0,0
GRZ,46.9936,15.44,0,0,5,5
LBA1,53.8658,-1.6606,0,0,30,30
MRU,-20.4303,57.6836,0,0,19,19
SVQ1,37.4181,-5.8931,0,0,20,20
LRM,18.4508,-68.9119,0,0,5,5
GIG9,-22.8125,-43.2483,0,0,28,28
YUL8,45.4706,-73.7408,0,0,5,5
DXB3,25.2528,55.3644,0,0,133,133
TSR6,45.81,21.3378,0,0,4,4
IST12,41.2703,28.7425,0,0,11,11
DEL19,28.5664,77.1031,0,0,19,19
PEN1,5.2972,100.2767,0,0,22,22
XIY13,34.4478,108.7536,0,0,0,0
NNG,22.6083,108.1725,0,0,2,2
PVG6,31.1433,121.8053,0,0,15,15
HAN4,21.2211,105.8072,0,0,80,80
ATL17,33.6367,-84.4281,0,0,0,0
HKG17D,22.3089,113.9147,0,0,2,2
GRU20,-23.4319,-46.4694,0,0,5,5
PEK3,40.08,116.5844,0,0,13,13
POA4,-29.9944,-51.1714,0,0,108,108
ICN13,37.4692,126.4506,0,0,117,117
CNX1,18.7714,98.9628,0,0,18,18
PEK13S,40.08,116.5844,0,0,4,4
CDG8,49.0097,2.5478,0,0,38,38
CTG3,,,0,0,7,7
KUL38,2.7456,101.7147,0,0,1,1
JFK17,40.6397,-73.7789,0,0,0,0
GYN,-16.6319,-49.2206,0,0,49,49
PRG6D,50.1008,14.26,0,0,1,1
SAI,13.3692,104.2231,0,0,41,41
FLN1,-27.6706,-48.5472,0,0,64,64
ONT1,34.0561,-117.6011,0,0,7,7
LGW22,51.1481,-0.1903,0,0,68,68
MEL6,-37.6733,144.8433,0,0,12,12
PEK1,40.08,116.5844,0,0,26,26
SGN4,10.8189,106.6519,0,0,42,42
LHR13,51.4775,-0.4614,0,3,17,20
KTM2,27.6967,85.3592,0,0,12,12
MTY8,25.7786,-100.1069,0,0,33,33
VSA,17.9969,-92.8175,0,0,28,28
SIN26D,1.3592,103.9894,0,0,0,0
CRL1,50.4592,4.4539,0,0,18,18
GRJ,-34.0056,22.3789,0,0,4,4
CUU2,28.7028,-105.9644,0,0,26,26
SFO11,37.6189,-122.3917,0,0,11,11
GIB,36.1511,-5.3497,0,0,1,1
PAT,25.5914,85.0881,0,0,8,8
YYC4,51.1139,-114.0203,0,0,3,3
SCL4,-33.3931,-70.7858,0,0,15,15
JOH,-26.1392,28.2461,0,0,22,22
HGH6,30.2294,120.4344,0,0,0,0
CPT,-33.9647,18.6017,0,0,20,20
BKK13,13.6858,100.7489,0,0,10,10
PTY3,9.0714,-79.3833,0,0,33,33
CAN9,23.3925,113.2989,0,0,9,9
ICN10,37.4692,126.4506,0,0,11,11
BOG10,4.7017,-74.1469,0,0,10,10
TAO11,36.3622,120.0875,0,0,9,9
KIV1,46.9278,28.9308,0,0,21,21
VAR1,43.2319,27.825,0,0,1,1
GRU31,-23.4319,-46.4694,0,0,80,80
ZNZ5,-6.2219,39.225,0,0,8,8
FRA9S,50.0331,8.5706,0,0,0,0
SIN27D,1.3592,103.9894,0,0,1,1
PNH1D,11.5467,104.8442,0,0,0,0
PVG5,31.1433,121.8053,0,0,4,4
MNL5,14.5086,121.0194,0,0,26,26
BRE3,53.0475,8.7867,0,0,15,15
UIO1,-0.1239,-78.3558,0,0,17,17
BFS,54.6575,-6.2158,0,1,33,34
MBJ,18.5036,-77.9133,0,0,26,26
HAJ,52.4603,9.6894,0,0,6,6
LDB,-23.3336,-51.13,0,0,18,18
CTA,37.4667,15.0639,0,0,32,32
PRG9,50.1008,14.26,0,0,35,35
DAC2,23.8433,90.3978,0,0,0,0
KWI2,29.2267,47.9689,0,0,3,3
NUE,49.4986,11.0669,0,0,25,25
DXB15,25.2528,55.3644,0,0,1,1
IGR,-25.7372,-54.4733,0,0,19,19
BJV1,37.2506,27.6644,0,0,11,11
YVR12,49.1939,-123.1844,0,0,16,16
BHX7,52.4536,-1.7478,0,0,4,4
TIF3,21.4833,40.5444,0,0,1,1
HMO,29.0958,-111.0478,0,0,17,17
ONT,34.0561,-117.6011,0,0,12,12
LAX20G,33.9425,-118.4081,0,0,26,26
RZE,50.11,22.0189,0,0,5,5
BIRM,52.4536,-1.7478,0,0,31,31
DTW7S,42.2125,-83.3533,0,0,0,0
MCT5,23.5928,58.2817,0,0,39,39
MNL6,14.5086,121.0194,0,0,25,25
BHX6,52.4536,-1.7478,0,0,37,37
CGH1S,-23.6267,-46.6581,0,0,0,0
KWI5,29.2267,47.9689,0,0,13,13
AYT6,36.8986,30.8006,0,0,16,16
TCQ1,-18.0533,-70.2758,0,0,0,0
MAN5,53.3536,-2.275,0,0,26,26
GBE,-24.5553,25.9183,0,0,10,10
MIL3,45.4494,9.2783,0,0,4,4
JFK25,40.6397,-73.7789,0,0,7,7
IND1D,39.7172,-86.2944,0,0,7,7
NRT11,35.7647,140.3864,0,0,0,0
CUR,12.1889,-68.9597,0,0,3,3
CEB,10.3075,123.9794,0,0,16,16
GVA2,46.2381,6.1089,0,0,21,21
LGW19,51.1481,-0.1903,0,0,12,12
BEL1,-1.3792,-48.4764,0,0,23,23
STL1D,38.7486,-90.37,0,0,7,7
MED5,24.5533,39.705,0,0,5,5
BGA1,7.1264,-73.1847,0,0,3,3
ABB,6.2031,6.6672,0,0,0,0
JED5,21.6794,39.1567,0,0,68,68
REC8,-8.1267,-34.9231,0,0,78,78
GIZ1,16.9011,42.5858,0,0,3,3
BAH11,26.2708,50.6336,0,0,7,7
RUH8,24.9578,46.6989,0,0,72,72
CAI5,30.1219,31.4056,0,0,0,0
DUR1,-29.6144,31.1164,0,0,3,3
ATQ6,31.7097,74.7972,0,0,7,7
SHA3,31.1433,121.8053,0,0,4,4
KWI6,29.2267,47.9689,0,0,16,16
TVL1,32.0072,34.8806,0,0,10,10
BRS2,51.3825,-2.7189,0,0,7,7
FOR1,-3.7764,-38.5325,0,0,58,58
DMM3,26.4711,49.7978,0,0,15,15
AMM1,31.7225,35.9933,0,0,38,38
TUU1,28.3656,36.6189,0,0,2,2
ATH6,37.9364,23.9444,0,0,19,19
JED4,21.6794,39.1567,0,0,31,31
LHE,31.5217,74.4036,0,0,9,9
SSH1,27.9772,34.395,0,0,3,3
MXL1,32.6306,-115.2417,0,0,27,27
IGU1,-25.5961,-54.4872,0,0,12,12
REC7D,-8.1267,-34.9231,0,0,26,26
GRU21,-23.4319,-46.4694,0,0,29,29
RAO,-21.1342,-47.7742,0,0,9,9
MAA11,12.9944,80.1806,0,0,34,34
SSA3,-12.9111,-38.3311,0,0,39,39
CAI4,30.1219,31.4056,0,0,8,8
SDU1,-22.9106,-43.1631,0,0,48,48
VCP3,-23.0081,-47.1347,0,0,124,124
BEY2,33.8208,35.4883,0,0,4,4
KUL8,2.7456,101.7147,0,0,8,8
HGH7,30.2294,120.4344,0,0,15,15
VUP,10.435,-73.2494,0,0,1,1
ACC,5.6053,-0.1667,0,0,0,0
MNL8,14.5086,121.0194,0,0,7,7
BSB,-15.8711,-47.9186,0,0,91,91
NVT,-26.88,-48.6514,0,0,20,20
WUX2,31.4947,120.4294,0,0,4,4
DMK3,13.9125,100.6067,0,0,17,17
CCJ1,11.1369,75.9553,0,0,1,1
LHR26D,51.4775,-0.4614,0,0,0,0
CAI7,30.1219,31.4056,0,0,16,16
ZNZ3,-6.2219,39.225,0,0,6,6
SHJ,25.3286,55.5172,0,0,32,32
PUJ3,18.5675,-68.3633,0,0,16,16
OSL,60.1939,11.1003,0,0,85,85
JED6,21.6794,39.1567,0,0,14,14
COR,-31.31,-64.2083,0,0,3,3
EOH,6.22,-75.5906,0,0,5,5
CLO1,3.5433,-76.3817,0,0,2,2
DMK7,13.9125,100.6067,0,0,5,5
BSB2,-15.8711,-47.9186,0,0,21,21
SAL2,13.4408,-89.0558,0,0,24,24
ATH5,37.9364,23.9444,0,0,43,43
ESB1,40.1281,32.995,0,0,3,3
KCH1,1.4842,110.3439,0,0,5,5
SAN2,-33.3931,-70.7858,0,0,14,14
HOU1G,29.6456,-95.2789,0,0,24,24
FMO1,52.1347,7.6847,0,0,10,10
AMM3,31.7225,35.9933,0,0,7,7
ADB1,38.2925,27.1569,0,0,10,10
MVD2,-34.8383,-56.0308,0,0,34,34
MED6,24.5533,39.705,0,0,15,15
FUK3,33.5858,130.4506,0,0,23,23
CKG17,29.7194,106.6419,0,0,12,12
ZYL,24.9633,91.8667,0,0,1,1
HUI,16.4006,107.7028,0,0,4,4
CGB,-15.6531,-56.1167,0,0,80,80
AHB1,18.2403,42.6567,0,0,4,4
JOI,-26.2244,-48.7975,0,0,15,15
JNB4,-26.1392,28.2461,0,0,29,29
JED1,21.6794,39.1567,0,0,5,5
BEY3,33.8208,35.4883,0,0,22,22
MLE2,4.1917,73.5292,0,0,19,19
MSQ2,53.8825,28.0308,0,0,3,3
FRU,43.0614,74.4775,0,0,0,0
POA5,-29.9944,-51.1714,0,0,43,43
PFO1,34.7181,32.4858,0,0,9,9
SLA,-24.8597,-65.4869,0,0,12,12
CXR,11.9981,109.2192,0,0,3,3
TIF2,21.4833,40.5444,0,0,4,4
LUN1,-15.3308,28.4525,0,0,5,5
VIX1,-20.2581,-40.2864,0,0,42,42
HBE,30.9178,29.6964,0,0,1,1
SYD16L,-33.9461,151.1772,0,0,32,32
BEL,-1.3792,-48.4764,0,0,21,21
MQP1,-25.3831,31.1056,0,0,7,7
MTY10,25.7786,-100.1069,0,0,9,9
PVR,20.68,-105.2542,0,0,25,25
TBS,41.6692,44.9547,0,0,22,22
DXB1,25.2528,55.3644,0,0,51,51
DXB16,25.2528,55.3644,0,0,6,6
LOS,6.5775,3.3211,0,0,2,2
SYD8D,-33.9461,151.1772,0,0,3,3
CNN1,11.9158,75.5458,0,0,3,3
HLA,-25.9386,27.9261,0,0,6,6
HAK7,19.9347,110.4589,0,0,0,0
PUQ,-53.0028,-70.8547,0,0,8,8
JNB5,-26.1392,28.2461,0,0,2,2
COO,6.3572,2.3844,0,0,0,0
BEG,44.8183,20.3092,0,0,7,7
BRS3D,51.3825,-2.7189,0,0,0,0
IXM1,9.8344,78.0933,0,0,3,3
KWI7,29.2267,47.9689,0,0,8,8
MAH,39.8625,4.2186,0,0,0,0
RUH6,24.9578,46.6989,0,0,11,11
SDU5,-22.9106,-43.1631,0,0,2,2
VCP5,-23.0081,-47.1347,0,0,29,29
GRU23,-23.4319,-46.4694,0,0,9,9
CGR,-20.4686,-54.6725,0,0,52,52
NGO4D,34.8583,136.8053,0,0,2,2
FAO1,37.0144,-7.9658,0,0,9,9
QRO,20.6172,-100.1856,0,0,21,21
CJU,33.5114,126.4931,0,0,4,4
BSB3,-15.8711,-47.9186,0,0,23,23
MEL2D,-37.6733,144.8433,0,0,10,10
DOH5,25.2744,51.6083,0,0,11,11
TGU,14.0608,-87.2172,0,0,3,3
VFA1,-18.0958,25.8389,0,0,3,3
AXM1,4.4528,-75.7664,0,0,4,4
WUH2,30.7839,114.2081,0,0,4,4
JNB3,-26.1392,28.2461,0,0,12,12
SAW,40.8986,29.3092,0,0,19,19
TYO,35.7647,140.3864,0,0,2,2
SAN11D,32.7336,-117.1897,0,0,12,12
ICN8,37.4692,126.4506,0,0,40,40
SPX,30.1044,30.8969,0,0,3,3
BSB4,-15.8711,-47.9186,0,0,1,1
GRU13D,-23.4319,-46.4694,0,0,20,20
NBO5,-1.3192,36.9278,0,0,12,12
NKG2,31.7419,118.8619,0,0,2,2
TUN2,36.8511,10.2272,0,0,11,11
KIX6D,34.4272,135.2442,0,0,13,13
PDP,-34.8569,-55.1006,0,0,1,1
SAW2,40.8986,29.3092,0,0,3,3
UTH,17.3864,102.7883,0,0,5,5
GRU16,-23.4319,-46.4694,0,0,2,2
GRU28,-23.4319,-46.4694,0,0,19,19
BKK11,13.6858,100.7489,0,0,4,4
CBB1,-17.4211,-66.1772,0,0,1,1
PRG5D,50.1008,14.26,0,0,3,3
KGL,-1.9686,30.1394,0,0,7,7
PUS5,35.1764,128.9422,0,0,6,6
LAP,24.0728,-110.3625,0,0,15,15
POP2,19.7578,-70.57,0,0,5,5
BLR10,13.1989,77.7056,0,0,0,0
BUD9,47.4369,19.2556,0,0,0,0
AMM4,31.7225,35.9933,0,0,3,3
PHL10S,39.8719,-75.2411,0,0,3,3
SZX7,22.6392,113.8106,0,0,18,18
RUH10,24.9578,46.6989,0,0,2,2
SSA2,-12.9111,-38.3311,0,0,6,6
XAP,-27.1342,-52.6567,0,0,9,9
GIG11D,-22.8125,-43.2483,0,0,1,1
SIN29D,1.3592,103.9894,0,0,7,7
SMR2,11.1197,-74.2306,0,0,2,2
PBC,19.1581,-98.3714,0,0,2,2
CUC1,7.9275,-72.5117,0,0,2,2
NQZ,51.0231,71.4669,0,0,2,2
ESB,40.1281,32.995,0,0,10,10
MTR1,8.8236,-75.8258,0,0,4,4
JPA,,,0,0,19,19
BTH1,1.1211,104.1189,0,0,0,0
REC6,-8.1267,-34.9231,0,0,1,1
ADL,-34.945,138.5306,0,0,6,6
KIX8,34.4272,135.2442,0,0,1,1
SFO14,37.6189,-122.3917,0,0,48,48
DAC1,23.8433,90.3978,0,0,8,8
UIO2,-0.1239,-78.3558,0,0,4,4
TPE12D,25.0778,121.2328,0,0,0,0
DAC4,23.8433,90.3978,0,0,5,5
PMW,-10.2914,-48.3569,0,0,10,10
SYD18,-33.9461,151.1772,0,0,23,23
AKL,-37.0097,174.7917,0,0,48,48
ELQ2,26.3028,43.7739,0,0,3,3
LIM8D,-12.0219,-77.1144,0,0,2,2
TSV1D,-19.2525,146.7653,0,0,0,0
ADD,8.9778,38.7994,0,0,9,9
SHA4,31.1978,121.3364,0,0,15,15
GMP4,37.5583,126.7906,0,0,21,21
MNL7,14.5086,121.0194,0,0,13,13
DXB18,25.2528,55.3644,0,0,0,0
SFO17D,37.6189,-122.3917,0,0,29,29
PKX4,39.51,116.4108,0,0,5,5
CNF2,-19.6339,-43.9689,0,0,5,5
SYD12D,-33.9461,151.1772,0,0,2,2
MEL5,-37.6733,144.8433,0,0,19,19
CHC,-43.4894,172.5322,0,0,12,12
DEL20,28.5664,77.1031,0,0,10,10
FOR2,-3.7764,-38.5325,0,0,13,13
BOM12,19.0886,72.8681,0,0,1,1
SIN37D,,,0,0,9,9
GYD5,40.4675,50.0467,0,0,0,0
CLO2,3.5433,-76.3817,0,0,21,21
TGZ1,16.5619,-93.0261,0,0,11,11
JRO1,-3.4294,37.0744,0,0,1,1
BNE7D,-27.3842,153.1175,0,0,0,0
MEX20,19.4364,-99.0722,0,0,0,0
CAI,30.1219,31.4056,0,0,8,8
PEK12S,40.08,116.5844,0,0,3,3
MEX18,19.4364,-99.0722,0,0,15,15
SJD1,23.1519,-109.7211,0,0,9,9
BUS,41.6103,41.5997,0,0,2,2
GPS1,-0.4539,-90.2658,0,0,1,1
DAD1,16.0439,108.1994,0,0,25,25
LHW4,36.5167,103.6167,0,0,2,2
MIG1,31.4289,104.7408,0,0,0,0
NAN1,-17.755,177.4436,0,0,30,30
PEI,4.8128,-75.7394,0,0,2,2
KHI4,24.9067,67.1608,0,0,0,0
TLL,59.4133,24.8325,0,0,13,13
MEL15D,-37.6733,144.8433,0,0,7,7
ICN11,37.4692,126.4506,0,0,38,38
SHA9,31.1978,121.3364,0,0,0,0
MEL8,-37.6733,144.8433,0,0,12,12
DAR2,-6.8781,39.2025,0,0,19,19
LCY1D,51.505,0.0542,0,0,2,2
CAN5,23.3925,113.2989,0,0,3,3
BUQ,-20.0175,28.6178,0,0,1,1
GYD2,40.4675,50.0467,0,0,0,0
MEC,-0.9461,-80.6789,0,0,17,17
CRK2,15.1861,120.5603,0,0,1,1
DXB13,25.2528,55.3644,0,0,19,19
LGK2,6.3383,99.7319,0,0,14,14
CTG1,10.4425,-75.5131,0,0,11,11
JFK,40.6397,-73.7789,0,0,10,10
LOS1,6.5775,3.3211,0,0,0,0
HND13,35.5522,139.7797,0,0,5,5
ICN7,37.4692,126.4506,0,0,45,45
SSH,27.9772,34.395,0,0,6,6
VFA,-18.0958,25.8389,0,0,3,3
MDZ,-32.8317,-68.7928,0,0,5,5
PER3D,-31.9403,115.9669,0,0,2,2
SKG2,40.5197,22.9708,0,0,0,0
PVG3,31.1433,121.8053,0,0,5,5
NGO2,34.8583,136.8053,0,0,12,12
SYR4,43.1111,-76.1064,0,0,5,5
DGO,24.1242,-104.5281,0,0,1,1
CGK11,-6.1256,106.6558,0,0,6,6
DOH3,25.2744,51.6083,0,0,0,0
IAH9D,29.9844,-95.3414,0,0,2,2
AGA2,30.325,-9.4131,0,0,2,2
FAO2,37.0144,-7.9658,0,0,5,5
DRV,5.1569,73.13,0,0,0,0
HAM5D,53.6303,9.9883,0,0,1,1
LIR2,10.5933,-85.5444,0,0,8,8
PEK15S,40.08,116.5844,0,0,0,0
DAC5,23.8433,90.3978,0,0,0,0
PEK14,40.08,116.5844,0,0,5,5
ATL11,33.6367,-84.4281,0,0,0,0
HGH9,30.2294,120.4344,0,0,3,3
DUS8D,51.2894,6.7667,0,0,0,0
LCY2D,51.505,0.0542,0,0,4,4
LAX19S,33.9425,-118.4081,0,0,3,3
PUE,-41.4389,-73.0939,0,0,4,4
TAP,14.7944,-92.37,0,0,4,4
WUA,39.7922,106.7994,0,0,0,0
ADB,38.2925,27.1569,0,0,13,13
CMB,7.1803,79.8853,0,0,9,9
LGA7S,40.7772,-73.8725,0,0,0,0
PMI3,39.5517,2.7389,0,0,5,5
UDI,-18.8828,-48.2256,0,0,6,6
MSQ1,53.8825,28.0308,0,0,0,0
TPP,-6.5086,-76.3733,0,0,0,0
AYP,-13.1547,-74.2044,0,0,1,1
LTN4D,51.8747,-0.3683,0,0,1,1
KWI4,29.2267,47.9689,0,0,0,0
JUL,-15.4672,-70.1581,0,0,0,0
YNB1,24.1442,38.0633,0,0,0,0
HUX,15.7753,-96.2625,0,0,1,1
DAR1,-6.8781,39.2025,0,0,1,1
LAD,-8.8583,13.2311,0,0,2,2
BGO,60.2933,5.2181,0,0,4,4
SYD10D,-33.9461,151.1772,0,0,6,6
USM1,9.5503,100.0622,0,0,10,10
LTN2D,51.8747,-0.3683,0,0,5,5
HKT6,8.1119,98.305,0,0,3,3
HPH,20.8194,106.725,0,0,3,3
GUM2,13.4833,144.7961,0,0,16,16
SYD11D,-33.9461,151.1772,0,0,8,8
ADL3D,-34.945,138.5306,0,0,0,0
OSL2,60.1939,11.1003,0,0,5,5
TPE7,25.0778,121.2328,0,0,23,23
EAM1,17.6114,44.4192,0,0,2,2
NGO10,34.8583,136.8053,0,0,15,15
BAH12,26.2708,50.6336,0,0,2,2
MPM1,-25.9208,32.5725,0,0,5,5
GEO,6.4986,-58.2542,0,0,3,3
MEL9D,-37.6733,144.8433,0,0,5,5
KHN1,28.8639,115.9022,0,0,1,1
HAS1,27.4381,41.6864,0,0,0,0
SYD13,-33.9461,151.1772,0,0,12,12
LOS9,6.5775,3.3211,0,0,0,0
DAC,23.8433,90.3978,0,0,6,6
HGH1,30.2294,120.4344,0,0,1,1
CBR3D,-35.3069,149.195,0,0,2,2
PEK2,40.08,116.5844,0,0,8,8
GRU19,-23.4319,-46.4694,0,0,0,0
ISB,33.5483,72.825,0,0,8,8
CEI,19.9522,99.8831,0,0,2,2
GIG10D,-22.8125,-43.2483,0,0,1,1
NGO6D,34.8583,136.8053,0,0,2,2
VCP4,-23.0081,-47.1347,0,0,4,4
IXC5,30.6733,76.7886,0,0,0,0
TOK,35.7647,140.3864,0,0,7,7
SVG,58.8767,5.6378,0,0,5,5
TPE5,25.0778,121.2328,0,0,18,18
KIX9,34.4272,135.2442,0,0,2,2
CEB1,10.3075,123.9794,0,0,19,19
ADZ,12.5836,-81.7111,0,0,9,9
KHI16,24.9067,67.1608,0,0,0,0
CGQ3,43.9961,125.6853,0,0,0,0
HRE1,-17.9319,31.0928,0,0,1,1
CGK12,-6.1256,106.6558,0,0,4,4
VDH,17.5153,106.5908,0,0,0,0
CAI19,30.1219,31.4056,0,0,0,0
XMN2,24.5442,118.1278,0,0,1,1
OAX,17.0028,-96.7247,0,0,4,4
VII,18.7375,105.6708,0,0,3,3
CUE,-2.8894,-78.9844,0,0,0,0
BKK1,13.6858,100.7489,0,0,0,0
YIA1,-7.91,110.07,0,0,8,8
HND15,35.5522,139.7797,0,0,8,8
RGN1,16.9072,96.1333,0,0,21,21
SIN30D,1.3592,103.9894,0,0,4,4
KSC,48.6631,21.2411,0,0,0,0
CSX17,28.1936,113.2175,0,0,4,4
LGW25D,51.1481,-0.1903,0,0,3,3
PUS1,35.1764,128.9422,0,0,12,12
BBI1,20.2444,85.8178,0,0,6,6
HND14,35.5522,139.7797,0,0,3,3
MEL3D,-37.6733,144.8433,0,0,3,3
HGH8,30.2294,120.4344,0,0,6,6
FRA10S,50.0331,8.5706,0,0,0,0
MRU1,-20.4303,57.6836,0,0,1,1
DFW15D,32.8969,-97.0381,0,0,5,5
KUL37,2.7456,101.7147,0,0,0,0
CUN8,21.0367,-86.8772,0,0,14,14
YUL3,45.4706,-73.7408,0,0,5,5
MPL,43.5833,3.9614,0,0,19,19
BRC1,-41.1511,-71.1578,0,0,8,8
DFW12S,32.8969,-97.0381,0,0,0,0
KNO2,3.6378,98.8719,0,0,2,2
LPI,58.4022,15.5256,0,0,0,0
ELQ3,26.3028,43.7739,0,0,0,0
NKG1,31.7419,118.8619,0,0,3,3
GLA7D,55.8719,-4.4333,0,0,0,0
TIA3D,41.4147,19.7206,0,0,0,0
DXB12,25.2528,55.3644,0,0,0,0
LOS6,6.5775,3.3211,0,0,0,0
BGW,33.2625,44.2344,0,0,0,0
BBK,-17.8328,25.1625,0,0,3,3
JJN,24.7953,118.5881,0,0,1,1
LJG,26.6742,100.2436,0,0,4,4
DVO2,7.1253,125.6456,0,0,6,6
ELS,-33.0356,27.8258,0,0,2,2
XMN3,24.5442,118.1278,0,0,2,2
LGW23D,51.1481,-0.1903,0,0,0,0
HRG2,27.1783,33.8011,0,0,11,11
WUH3,30.7839,114.2081,0,0,1,1
MBA,-4.0281,39.5997,0,0,0,0
CCS2,10.6031,-66.9906,0,0,6,6
CLT6G,35.2139,-80.9431,0,0,0,0
UIH,13.9539,109.0431,0,0,8,8
NKG3,31.7419,118.8619,0,0,0,0
CNX3,18.7714,98.9628,0,0,0,0
JFK23S,40.6397,-73.7789,0,0,0,0
MFM3D,22.1494,113.5917,0,0,0,0
PVD1D,41.725,-71.4256,0,0,1,1
NQY,50.4433,-5.0014,0,0,0,0
ABV2,9.0067,7.2631,0,0,1,1
BNE3D,-27.3842,153.1175,0,0,1,1
BNE8D,-27.3842,153.1175,0,0,7,7
MDE4,6.1644,-75.4231,0,0,2,2
WNZ2,27.9131,120.8522,0,0,3,3
DPS7,-8.7481,115.1672,0,0,9,9
SHA12,31.1978,121.3364,0,0,1,1
SUB,-7.3797,112.7869,0,0,5,5
BJL,13.3381,-16.6522,0,0,4,4
MRS,43.4367,5.215,0,0,2,2
HAJ4,52.4603,9.6894,0,0,1,1
DAC6,23.8433,90.3978,0,0,1,1
HLP2,-6.2667,106.8911,0,0,1,1
MLA2,35.8575,14.4775,0,0,2,2
FOC,25.935,119.6633,0,0,1,1
KNO3,3.6378,98.8719,0,0,1,1
SEN1,51.5714,0.6956,0,0,1,1
NOC,53.9103,-8.8186,0,0,0,0
DTW9D,42.2125,-83.3533,0,0,3,3
SOU,50.9503,-1.3567,0,0,2,2
XPL,14.4689,-87.6172,0,0,13,13
NGO,34.8583,136.8053,0,0,0,0
BGI,13.0747,-59.4925,0,0,0,0
TYL,-4.5767,-81.2542,0,0,0,0
GRU25D,-23.4319,-46.4694,0,0,2,2
IQT,-3.7847,-73.3089,0,0,0,0
JFK16,40.6397,-73.7789,0,0,2,2
,,,,,,
GUA4,14.5844,-90.5272,0,0,6,6
SYD17D,-33.9461,151.1772,0,0,3,3
CXR1,11.9981,109.2192,0,0,2,2
MHH,26.5114,-77.0836,0,0,4,4
TSN1,39.1244,117.3461,0,0,0,0
LOS12,6.5775,3.3211,0,0,1,1
CSX11,28.1936,113.2175,0,0,5,5
KMG1,25.1083,102.935,0,0,1,1
MPM2,-25.9208,32.5725,0,0,0,0
VCL,15.4075,108.7072,0,0,0,0
CBR2D,-35.3069,149.195,0,0,0,0
LTN3D,51.8747,-0.3683,0,0,7,7
KUL39,2.7456,101.7147,0,0,1,1
MUX,30.2033,71.4192,0,0,0,0
NBE,36.0756,10.4383,0,0,1,1
MEL4D,-37.6733,144.8433,0,0,4,4
SIN39D,,,0,0,0,0
ZNZ1,-6.2219,39.225,0,0,1,1
SDU3S,-22.9106,-43.1631,0,0,0,0
SLL,17.0386,54.0914,0,0,4,4
DSS1,14.6722,-17.0711,0,0,4,4
FEZ3,33.9272,-4.9781,0,0,1,1
PRG11D,50.1008,14.26,0,0,2,2
DXB9,25.2528,55.3644,0,0,0,0
FOC1,25.935,119.6633,0,0,6,6
CGK13,-6.1256,106.6558,0,0,2,2
SHE,41.6397,123.4833,0,0,1,1
CKY,9.5769,-13.6119,0,0,0,0
NAG3,21.0922,79.0472,0,0,0,0
TOR,43.6772,-79.6306,0,0,3,3
BKK23,13.6858,100.7489,0,0,5,5
IXA1,23.8869,91.2406,0,0,0,0
HNL6,21.3278,-157.9222,0,0,78,78
CXR2,11.9981,109.2192,0,0,10,10
SFO19,37.6189,-122.3917,0,0,39,39
JFK14,40.6397,-73.7789,0,0,25,25
AKL4D,-37.0097,174.7917,0,0,2,2
TSN8,39.1244,117.3461,0,0,0,0
ZQN,-45.0183,168.7467,0,0,20,20
DLI,11.75,108.3667,0,0,3,3
PDX4D,45.5886,-122.5975,0,0,11,11
AKL3D,-37.0097,174.7917,0,0,2,2
SIN28D,1.3592,103.9894,0,0,0,0
HGH10,30.2294,120.4344,0,0,0,0
OGG,20.8986,-156.4306,0,0,24,24
SOC1,-7.5161,110.7569,0,0,3,3
SZB,3.1217,101.5544,0,0,2,2
IAD14,38.9444,-77.4558,0,0,8,8
CGK14,-6.1256,106.6558,0,0,3,3
BKK12,13.6858,100.7489,0,0,9,9
FUK,33.5858,130.4506,0,0,10,10
DXB17G,25.2528,55.3644,0,0,0,0
VCS1,8.7319,106.6325,0,0,9,9
DLU,25.6503,100.3194,0,0,1,1
ADL1D,-34.945,138.5306,0,0,1,1
HNL5,21.3278,-157.9222,0,0,7,7
SYD6D,-33.9461,151.1772,0,0,3,3
XNN,36.5283,102.0403,0,0,1,1
BWN,4.9442,114.9283,0,0,8,8
CXB,21.4522,91.9639,0,0,1,1
AMI2,-8.7572,116.2767,0,0,9,9
HND11,35.5522,139.7797,0,0,6,6
LAX22S,33.9425,-118.4081,0,0,2,2
DIN,21.4,103.0042,0,0,0,0
GOX1,15.7314,73.8678,0,0,2,2
CAN4,23.3925,113.2989,0,0,0,0
DXB14,25.2528,55.3644,0,0,0,0
TAO9,36.3622,120.0875,0,0,0,0
MME1,54.5092,-1.4294,0,0,1,1
LIT1D,34.7294,-92.2244,0,0,3,3
CJU1,33.5114,126.4931,0,0,1,1
TCZ,24.9378,98.4856,0,0,0,0
BKK4,13.6858,100.7489,0,0,0,0
BNE2D,-27.3842,153.1175,0,0,1,1
CAN15D,23.3925,113.2989,0,0,0,0
PPT1D,-17.5539,-149.6072,0,0,2,2
KOJ2S,31.8033,130.7194,0,0,0,0
CGO11,34.5194,113.8411,0,0,2,2
IXJ,32.6892,74.8375,0,0,3,3
SIN34D,1.3592,103.9894,0,0,4,4
XFN,32.1506,112.2908,0,0,0,0
DLC1,38.9656,121.5386,0,0,1,1
SUB5,-7.3797,112.7869,0,0,10,10
NNG2,22.6083,108.1725,0,0,0,0
TNA2,36.8572,117.2161,0,0,0,0
ZUH2,22.0067,113.3761,0,0,0,0
URC11,43.9072,87.4742,0,0,1,1
TNA4,36.8572,117.2161,0,0,3,3
XIY14,34.4478,108.7536,0,0,0,0
TPE13D,25.0778,121.2328,0,0,0,0
XIY2,34.4478,108.7536,0,0,0,0
NTG,32.0719,120.9803,0,0,2,2
BOM16,19.0886,72.8681,0,0,7,7
CTU21S,30.5786,103.9472,0,0,2,2
CAN6,23.3925,113.2989,0,0,5,5
OOL4D,,,0,0,0,0
HFE3,31.9911,116.9892,0,0,3,3
SHE3,41.6397,123.4833,0,0,1,1
JHG,21.9731,100.7631,0,0,6,6
MBJ2,18.5036,-77.9133,0,0,0,0
URA,51.1511,51.5417,0,0,0,0
TAO7,36.3622,120.0875,0,0,1,1
SPD,25.7592,88.9089,0,0,0,0
DIB,27.4833,95.0167,0,0,0,0
AKL1D,-37.0097,174.7917,0,0,0,0
WUH5,30.7839,114.2081,0,0,0,0
CBR1D,-35.3069,149.195,0,0,1,1
RBA3,34.0514,-6.7514,0,0,4,4
VCA,10.0514,105.7633,0,0,0,0
GBE2,-24.5553,25.9183,0,0,0,0
DJB1,-1.6381,103.6444,0,0,0,0
YNZ,33.4261,120.2031,0,0,0,0
MIG2,31.4289,104.7408,0,0,2,2
CSX16,28.1936,113.2175,0,0,0,0
TSN4,39.1244,117.3461,0,0,0,0
CGQ4,43.9961,125.6853,0,0,0,0
BMV,12.6683,108.1203,0,0,0,0
TSN9,39.1244,117.3461,0,0,0,0
TSN10,39.1244,117.3461,0,0,2,2
IAH7,29.9844,-95.3414,0,0,0,0
PCL,-8.3781,-74.5742,0,0,0,0
SYD19,-33.9461,151.1772,0,0,2,2
MZT1,23.1614,-106.2661,0,0,0,0
TBP,-3.5525,-80.3814,0,0,5,5
SJW1,38.2806,114.6972,0,0,3,3
SAN9S,32.7336,-117.1897,0,0,0,0
CGP1,22.2497,91.8133,0,0,0,0
SHE4,41.6397,123.4833,0,0,1,1
TAO10,36.3622,120.0875,0,0,0,0
WEH,37.1872,122.2289,0,0,0,0
CZX1,31.9194,119.7783,0,0,0,0
LEJ4,51.4325,12.2417,0,0,3,3
TYN2,37.7469,112.6283,0,0,2,2
SRG2,-6.9714,110.3742,0,0,1,1
CXB1,21.4522,91.9639,0,0,1,1
XIY3,34.4478,108.7536,0,0,1,1
NGB,29.8267,121.4619,0,0,2,2
YNT1,37.6572,120.9872,0,0,2,2
AKL5D,-37.0097,174.7917,0,0,0,0
GRU18H,-23.4319,-46.4694,0,0,0,0
OSR,49.6958,18.1111,0,0,2,2
HET6,40.8514,111.8242,0,0,0,0
VIL,23.7183,-15.9319,0,0,0,0
LCG,43.3022,-8.3772,0,0,0,0
HFE4,31.9911,116.9892,0,0,0,0
GLA5,55.8719,-4.4333,0,0,3,3
MIR,35.7581,10.7547,0,0,0,0
YYZ13S,43.6772,-79.6306,0,0,0,0
EXE1,50.7344,-3.4139,0,0,0,0
GYD3,40.4675,50.0467,0,0,1,1
CRL2,50.4592,4.4539,0,0,2,2
TAO13,36.3622,120.0875,0,0,0,0
CNN,11.9158,75.5458,0,0,0,0
DVO1,7.1253,125.6456,0,0,1,1
PEK11S,40.08,116.5844,0,0,0,0
BNE9,-27.3842,153.1175,0,0,5,5
TPE11D,25.0778,121.2328,0,0,1,1
DYG,29.1042,110.4431,0,0,1,1
BCN12,41.2969,2.0783,0,0,3,3
LDY,55.0428,-7.1611,0,0,0,0
DYG1,29.1042,110.4431,0,0,1,1
NGB9,29.8267,121.4619,0,0,6,6
BTS1,48.1703,17.2128,0,0,4,4
TSN7,39.1244,117.3461,0,0,7,7
IXD,25.44,81.7339,0,0,0,0
LOS2,6.5775,3.3211,0,0,6,6
TSR7,45.81,21.3378,0,0,0,0
PNK2,-0.1508,109.4039,0,0,0,0
MEL13D,-37.6733,144.8433,0,0,2,2
BPN4,-1.2683,116.8944,0,0,1,1
NNG5,22.6083,108.1725,0,0,0,0
LEJ3D,51.4325,12.2417,0,0,3,3
HND12,35.5522,139.7797,0,0,0,0
UPG1,-5.0617,119.5542,0,0,2,2
LHR29S,51.4775,-0.4614,0,0,1,1
PKU5,0.4608,101.4444,0,0,5,5
BFN,-29.0928,26.3025,0,0,0,0
NNG3,22.6083,108.1725,0,0,1,1
NGB8,29.8267,121.4619,0,0,3,3
XUZ1,34.2294,117.2458,0,0,0,0
BRS6D,51.3825,-2.7189,0,0,0,0
CSX13,28.1936,113.2175,0,0,2,2
TESTH,22.3089,113.9147,0,0,0,0
RIZ,35.4,119.3167,0,0,0,0
LUM,24.4014,98.5322,0,0,0,0
PQC,10.1697,103.9931,0,0,7,7
HND17S,35.5522,139.7797,0,0,0,0
MDL,21.7022,95.9781,0,0,0,0
LAG,6.5775,3.3211,0,0,1,1
LHE1,31.5217,74.4036,0,0,0,0
PLM1,-2.8983,104.7,0,0,1,1
MDC1,1.5492,124.9264,0,0,0,0
KWL1,25.2181,110.0392,0,0,0,0
CRK1,15.1861,120.5603,0,0,0,0
PKX5S,39.51,116.4108,0,0,0,0
TSN14,39.1244,117.3461,0,0,0,0
MBA1,-4.0281,39.5997,0,0,3,3
ROS1,-32.9036,-60.7844,0,0,0,0
DLM1,36.7131,28.7925,0,0,1,1
XMN4,24.5442,118.1278,0,0,0,0
LBV,0.4586,9.4122,0,0,3,3
TSN3,39.1244,117.3461,0,0,0,0
THD,19.9025,105.4692,0,0,0,0
BZG1,53.0967,17.9778,0,0,0,0
BPN3,-1.2683,116.8944,0,0,0,0
SDQ4,18.4297,-69.6689,0,0,1,1
DLM,36.7131,28.7925,0,0,0,0
TNA1,36.8572,117.2161,0,0,0,0
